non_accented,word
nop,nộp
fat,phạt
hang,hàng
hang,hằng
fuong,phương
tien,tiện
bi,bị
vi,vi
fam,phạm
luat,luật
giao,giao
ten,tên
nung,nhưng
cu,chủ
cu,cư
van,vẫn
tren,trên
cua,của
cua,chưa
an,an
an,ảnh
ve,về
han,hành
han,hạn
cin,chính
qua,qua
qua,quả
tu,từ
tu,tử
ngay,ngày
co,có
co,cố
nan,nhận
nan,nhân
bien,biển
bien,biến
bien,biện
so,số
so,sở
xe,xe
cua,chưa
cua,của
cua,của
la,là
cac,các
duoc,được
di,di
di,đi
di,đi
dong,động
dong,đóng
dong,đóng
hoac,hoặc
din,định
dieu,điều
bo,bộ
nieu,nhiều
giay,giấy
bao,báo
nguoi,người
nguoi,nguội
nguoi,nguội
tuc,thực
tuc,tục
tuc,tức
hien,hiện
quyet,quyết
quy,quy
tang,tháng
dau,đầu
dau,đậu
dau,đâu
nam,năm
den,đến
den,đèn
nay,nay
nay,này
can,cần
can,cảnh
can,cảnh
fap,pháp
teo,theo
ci,chỉ
ci,chí
va,và
hieu,hiệu
ki,khi
tu,thủ
tu,tử
tu,từ
tu,từ
tuc,tục
tuc,thực
tuc,tức
se,sẽ
te,thể
noi,nội
noi,nói
noi,nơi
noi,nơi
xa,xã
xa,xa
ti,thị
ti,thì
ti,thì
cuyen,chuyển
voi,với
tin,tỉnh
tin,tin
tin,tin
tin,tin
tan,thành
tan,tận
kac,khác
kac,khắc
so,sở
so,số
so,số
de,để
de,đe
de,dễ
giai,giải
vu,vụ
viec,việc
truong,trường
truong,trưởng
hop,hợp
moi,mới
moi,mời
nay,này
nay,nay
nay,nay
ly,lý
do,do
do,đỗ
do,đỗ
do,đỗ
mua,mua
ban,bán
ban,bản
sang,sang
doi,đổi
doi,đội
doi,đội
doi,đội
nen,nên
con,còn
tuong,thường
tuong,thượng
doan,doanh
da,đã
da,đa
mot,một
neu,nếu
xac,xác
ti,thì
ti,thị
lai,lại
co,cho
co,có
co,cố
co,có
toi,thời
toi,tới
min,minh
min,mình
tiep,tiếp
yeu,yêu
cau,cầu
quan,quan
quan,quận
nan,nhân
nan,nhận
nan,nhận
lam,làm
cung,cũng
cung,cùng
cung,cùng
ra,ra
dan,dân
dan,danh
dan,danh
sau,sau
do,đó
do,đỗ
do,đỗ
do,đỗ
vao,vào
na,nhà
fai,phải
dang,đăng
dang,đáng
dang,dàng
ky,ký
trong,trong
ma,mà
hoi,hội
hoi,hồi
hoi,hơi
biet,biết
van,văn
van,vẫn
van,vẫn
van,vẫn
tai,tài
tai,tái
tai,tải
tra,tra
to,tổ
to,tố
ban,bản
ban,bán
ban,bán
don,đơn
don,đôn
truoc,trước
ngi,nghị
ngi,nghi
cap,cấp
cap,chấp
cap,chấp
dung,dụng
dung,đúng
dung,đúng
dung,dung
doi,đối
doi,đội
doi,đội
doi,đội
nu,như
nu,nhu
nu,nhu
bao,bảo
bao,báo
bao,báo
bao,báo
tai,tại
tai,tái
tai,tải
tai,tài
nuoc,nước
fan,phần
fan,phản
fan,phán
nung,những
nung,nhưng
nung,nhưng
nung,nhưng
su,sử
su,sự
su,sự
luc,lực
luc,lúc
toi,tôi
toi,thời
toi,thời
toi,tới
toa,tòa
tien,tiền
tien,tiện
tien,tiện
tien,tiện
san,sản
san,sanh
san,sanh
san,sanh
kin,kinh
an,án
an,an
an,ảnh
an,an
ba,bà
ba,ba
din,đình
din,định
din,định
din,định
an,anh
an,an
an,ảnh
an,an
ci,chị
ci,chí
ci,chỉ
ci,chỉ
vo,vợ
vo,vỏ
con,con
con,còn
con,còn
con,còn
trieu,triệu
dong,đồng
dong,động
dong,đóng
dong,đóng
gia,giá
gia,gia
gia,gia
gia,gia
quyen,quyền
lien,liên
cong,chồng
cong,cổng
cong,cổng
cong,cổng
cao,cáo
cao,cao
cao,cao
dat,đất
dat,đạt
dat,đạt
dat,đạt
tan,thanh
tan,thành
tan,thành
tan,tận
cuc,chức
cuc,chục
cuc,cục
cuc,chục
tu,thu
tu,tử
tu,từ
tu,từ
tu,tư
tu,tử
tu,từ
tu,từ
tua,thừa
ty,ty
ty,tỷ
ty,tỷ
ty,tỷ
tang,tặng
tang,tháng
tang,tháng
tang,tháng
cung,chứng
cung,cùng
cung,cùng
cung,cũng
huyen,huyện
huyen,huyền
ubnd,ubnd
gi,ghi
hin,hình
ciu,chịu
tin,tin
dien,điện
tu,tử
tu,từ
tu,từ
catp,catp
muc,mục
muc,mức
an,ảnh
an,an
an,an
day,đây
day,đầy
camera,camera
co,cố
co,có
co,có
dang,đáng
dang,dàng
dang,đăng
noi,nói
noi,nơi
noi,nơi
du,dù
du,đủ
du,đủ
fong,phòng
fong,phong
duong,đường
lan,lần
gui,gửi
dia,địa
xu,xử
bien,biến
bien,biển
bien,biện
nat,nhất
dung,đúng
dung,dung
noi,nơi
noi,nói
cang,chẳng
cang,càng
cang,càng
han,hạn
han,hành
han,hành
nguyen,nguyễn
cu,cư
cu,chủ
cu,chủ
fu,phú
fu,phù
fu,phù
ci,chí
ci,chỉ
ci,chỉ
trung,trung
ta,tá
dan,danh
dan,dân
truong,trưởng
truong,trường
truong,trường
hoan,hoàn
hoan,hoãn
tat,tất
du,đủ
du,dù
dung,dung
dung,đúng
dung,đúng
fuong,phường
fuong,phương
fuong,phương
fuong,phương
tran,trấn
tran,trần
tran,tránh
tru,trụ
tru,trú
giang,giang
giang,giảng
tam,tâm
tam,thậm
fo,phố
fo,phổ
fo,phó
tuy,tuy
nien,nhiên
ce,chế
qua,quả
qua,qua
qua,qua
tric,trích
xuat,xuất
ty,tỷ
le,lệ
dong,đóng
dong,động
tay,tay
tay,thay
tay,thấy
xuyen,xuyên
tay,thay
tay,tay
tay,thấy
ngiep,nghiệp
doi,đời
doi,đội
doi,đội
doi,đội
can,cảnh
can,cần
cap,chấp
cap,cấp
sat,sát
sat,sắt
ku,khu
vuc,vực
gian,gian
to,tố
to,tổ
to,tổ
tung,tụng
tung,từng
tung,từng
truy,truy
tim,tìm
cung,cùng
cung,cũng
tay,thấy
tay,tay
tay,thay
nguyen,nguyên
nguyen,nguyễn
nguyen,nguyễn
nguyen,nguyễn
boi,bởi
boi,bồi
het,hết
trac,trách
niem,nhiệm
ho,hộ
ho,họ
kau,khẩu
di,đi
di,di
quan,quận
quan,quan
quan,quan
xin,xin
ro,rõ
nap,nhập
tam,tạm
tam,thậm
tam,tâm
tam,tâm
tru,trú
tru,trụ
tru,trụ
kien,kiện
kien,khiển
kien,khiển
kien,khiển
lan,lãnh
lan,lần
lan,lần
lan,lần
dao,đạo
dao,đảo
quan,quản
quan,quan
quan,quan
quan,quận
tu,tự
tu,tử
tu,từ
tu,từ
bin,bình
tam,tham
tam,thậm
tam,tâm
tam,tâm
kang,khẳng
kang,kháng
toi,tới
toi,thời
toi,thời
van,vận
van,vẫn
van,vẫn
van,vẫn
xe,xế
xe,xe
xe,xe
xe,xe
doc,đốc
doc,độc
doc,độc
kiem,kiểm
cuu,cứu
truc,trực
may,máy
may,mấy
tin,tính
tin,tin
tin,tin
tin,tin
fat,phát
fat,phạt
fat,phạt
fat,phạt
lap,lập
bien,biên
bien,biển
bien,biến
bien,biện
can,cán
can,cần
can,cảnh
can,cảnh
tac,tác
tuoc,thuộc
tuoc,tước
ca,cả
vi,vị
vi,vi
vi,vi
vi,vi
tram,trạm
tram,trăm
tram,trầm
hay,hay
hay,hãy
huu,hữu
ngoai,ngoài
ngoai,ngoại
de,đề
de,để
de,đe
de,dễ
bat,bắt
bat,bất
buoc,buộc
koan,khoản
quy,quỹ
quy,quy
quy,quy
quy,quy
tru,trừ
tru,trụ
tru,trú
tru,trụ
roi,rồi
bo,bỏ
bo,bộ
bo,bộ
bo,bộ
cu,cứ
cu,chủ
cu,chủ
cu,cư
trang,trang
trang,trạng
dang,đang
dang,đáng
dang,dàng
dang,đăng
nang,nâng
nang,nặng
nang,nặng
dua,đưa
len,lên
xem,xem
bo,bố
bo,bộ
bo,bộ
bo,bộ
tri,trí
tri,trị
tri,trị
to,thọ
to,tố
to,tổ
to,tổ
ben,bên
vuot,vượt
gia,gia
luu,lưu
fong,phong
fong,phòng
fong,phòng
ap,áp
tin,tình
tin,tin
tin,tin
tin,tin
tang,tăng
tang,tháng
tang,tháng
tang,tháng
muc,mức
muc,mục
muc,mục
cao,cao
cao,cáo
trang,trạng
trang,trang
trang,trang
ha,hà
sac,sách
cuc,cục
cuc,chục
cuc,chục
tien,tiến
tien,tiện
tien,tiện
tien,tiện
cuyen,chuyên
cuyen,chuyển
cuyen,chuyển
cuyen,chuyển
lin,lĩnh
tuc,tức
tuc,thực
tuc,tục
ngiem,nghiêm
trong,trọng
trong,trong
trong,trong
trong,trong
ho,họ
ho,hộ
ho,hộ
dai,đại
giam,giảm
giam,giám
giam,giám
luong,lượng
huong,hướng
huong,huống
vi,vì
vi,vi
vi,vi
vi,vi
tuc,thức
tuc,thực
tuc,tục
tuc,tức
cu,chứ
cu,chủ
cu,chủ
cu,cư
qua,quá
qua,qua
qua,qua
qua,quả
toan,toàn
toan,toán
dan,dẫn
dan,danh
dan,danh
dan,dân
cac,cách
cac,các
cac,các
cac,các
tra,trả
tra,tra
tra,tra
tra,tra
loi,lời
loi,lỗi
loi,lỗi
loi,lỗi
fuc,phục
fuc,phúc
fuc,phúc
te,tế
te,thể
te,thể
te,thể
ngan,ngành
ngan,ngàn
deu,đều
ngia,nghĩa
rat,rất
fep,phép
bao,bao
bao,báo
bao,báo
bao,báo
su,sự
su,sử
tem,thêm
cung,chúng
cung,cùng
cung,cùng
cung,cũng
ta,ta
ta,tá
ta,tá
ta,tá
cu,chú
cu,chủ
cu,chủ
cu,cư
nguon,nguồn
cuyen,chuyện
cuyen,chuyển
cuyen,chuyển
cuyen,chuyển
ke,kể
ke,kê
ai,ai
kai,khai
rang,rằng
sua,sửa
bo,bổ
bo,bộ
bo,bộ
bo,bộ
sung,sung
cau,cháu
cau,cầu
cau,cầu
cau,cầu
doi,đòi
doi,đội
doi,đội
doi,đội
no,nhờ
no,nó
koi,khỏi
koi,khởi
ke,kê
ke,kể
ke,kể
ba,ba
ba,bà
ba,bà
nuoi,nuôi
tand,tand
vua,vừa
tam,thẩm
tam,thậm
tam,tâm
tam,tâm
tuyen,tuyên
giu,giữ
koi,khởi
koi,khỏi
koi,khỏi
can,căn
can,cần
can,cảnh
can,cảnh
min,mình
min,minh
min,minh
ho,hồ
ho,hộ
ho,hộ
ho,họ
hai,hai
song,sống
ca,cha
ca,cả
ca,cả
ca,cả
mat,mất
giup,giúp
me,mẹ
em,em
em,êm
soc,sóc
nao,nào
cet,chết
vay,vậy
tong,tổng
tong,thống
tong,thống
cong,cộng
cong,cổng
cong,cổng
cong,cổng
an,ăn
an,an
an,ảnh
an,an
bac,bạc
ca,cá
ca,cả
ca,cả
ca,cả
koang,khoảng
tri,trị
tri,trí
tuong,tương
tuong,thượng
tuong,thường
tuong,thường
loi,lợi
loi,lỗi
loi,lỗi
loi,lỗi
trin,trình
trin,trinh
trin,trinh
trin,trinh
gi,gì
gi,ghi
gi,ghi
gi,ghi
no,nó
no,nhờ
no,nhờ
von,vốn
gio,giờ
dau,đâu
dau,đầu
dau,đậu
hoi,hồi
hoi,hội
hoi,hơi
kien,kiến
kien,khiển
kien,khiển
kien,khiển
fan,phản
fan,phần
fan,phán
xet,xét
fien,phiên
cung,chung
cung,cùng
cung,cùng
cung,cũng
xay,xây
xay,xảy
dung,dựng
dung,đúng
dung,đúng
dung,dung
gan,gần
lay,lấy
gai,gái
ban,bàn
ban,bán
ban,bán
ban,bản
ho,hỗ
ho,hộ
ho,hộ
ho,họ
tro,trợ
tro,trở
tro,trò
tong,thống
tong,tổng
hoa,hòa
hoa,hoa
tran,tranh
tran,trần
tran,trấn
tran,tránh
sao,sao
mang,mang
mang,mạng
lon,lớn
tat,thật
tat,tất
tat,tất
tat,tất
ko,khó
ko,khổ
ko,kho
toa,thỏa
toa,tòa
toa,tòa
toa,tòa
tuan,thuận
tuan,tuần
tuan,tuần
te,thế
te,thể
te,thể
te,thể
van,vấn
van,vẫn
van,vẫn
van,vẫn
toan,toán
toan,toàn
toan,toàn
van,vân
van,vẫn
van,vẫn
van,vẫn
ciem,chiếm
fan,phân
fan,phần
fan,phản
fan,phán
tic,tích
tic,tịch
tic,tịch
nang,năng
nang,nâng
nang,nặng
nang,nặng
ko,kho
ko,khổ
ko,khó
lai,lái
lai,lại
lai,lại
lai,lại
he,hệ
giam,giám
giam,giảm
tue,thuê
sai,sai
sai,sài
tuong,thương
tuong,thượng
tuong,thường
tuong,thường
fo,phó
fo,phổ
fo,phố
tro,trở
tro,trợ
tro,trò
goi,gọi
dic,dịch
dic,đích
tiet,thiết
tiet,tiết
ket,kết
toi,tội
toi,thời
toi,thời
toi,tới
bang,bằng
tuoi,tuổi
trom,trộm
ciec,chiếc
hoa,hoa
hoa,hòa
hoa,hòa
hai,hại
hai,hai
hai,hai
hai,hai
tan,tân
tan,thành
tan,thành
tan,tận
cam,cầm
cam,chậm
cam,chăm
cam,cảm
viet,việt
nam,nam
nam,năm
nam,năm
nam,năm
nua,nữa
nua,nửa
sin,sinh
moi,môi
moi,mời
moi,mới
moi,mới
gioi,giới
tao,tạo
diem,điểm
ngay,ngay
ngay,ngày
ngay,ngày
ngay,ngày
toai,thoại
vay,vay
vay,vậy
vay,vậy
vay,vậy
nai,nại
boi,bồi
boi,bởi
boi,bởi
ban,ban
ban,bán
ban,bán
ban,bản
dao,đảo
dao,đạo
dao,đạo
gia,giả
gia,gia
gia,gia
gia,gia
dau,dấu
dau,đầu
dau,đậu
dau,đâu
lieu,liệu
cat,chất
cat,cắt
cat,cắt
kac,khách
kac,khác
kac,khắc
kac,khác
long,long
long,lòng
long,lòng
su,sư
su,sử
su,sự
su,sự
dung,dùng
dung,đúng
dung,đúng
dung,dung
dung,đứng
dung,đúng
dung,đúng
dung,dung
mat,mặt
mat,mất
mat,mất
mat,mất
bat,bất
bat,bắt
bat,bắt
hiem,hiểm
hiem,hiềm
hieu,hiểu
hieu,hiệu
hieu,hiệu
hieu,hiệu
gay,gây
fu,phủ
fu,phú
fu,phù
fu,phù
muon,muốn
muon,mượn
muon,mượn
muon,mượn
nuong,nhượng
ban,bạn
ban,bán
ban,bán
ban,bản
bca,bca
doi,dõi
doi,đội
doi,đội
doi,đội
cu,cụ
cu,chủ
cu,chủ
cu,cư
xan,xanh
cu,chữ
cu,chủ
cu,chủ
cu,cư
mau,màu
mau,mâu
trang,trắng
trang,trang
trang,trạng
trang,trang
nen,nền
nen,nên
nen,nên
nen,nên
den,đen
den,đến
den,đèn
den,đến
rut,rút
cai,cái
cai,cải
tic,tịch
tic,tích
quoc,quốc
doan,đoàn
doan,doanh
doan,doanh
doan,doanh
uy,ủy
du,dự
du,dù
du,đủ
du,đủ
trung,trưng
trung,trung
trung,trung
trung,trung
tue,thuế
tue,thuê
tue,thuê
tue,thuê
casino,casino
noi,nổi
noi,nói
noi,nơi
noi,nơi
ti,thi
ti,thị
ti,thì
ti,thì
toi,tối
toi,thời
toi,thời
toi,tới
hoa,hóa
hoa,hòa
hoa,hòa
hoa,hoa
do,đồ
do,đỗ
do,đỗ
do,đỗ
vat,vật
viet,viết
viet,việt
viet,việt
viet,việt
gap,gặp
kan,khăn
do,độ
do,đỗ
do,đỗ
do,đỗ
tiet,thiệt
tiet,tiết
tiet,thiết
tiet,thiết
hoat,hoạt
neu,nêu
neu,nếu
neu,nếu
neu,nếu
lai,lãi
lai,lại
lai,lại
lai,lại
tuong,thưởng
tuong,thượng
tuong,thường
tuong,thường
vien,viên
vien,viện
vien,viện
loai,loại
nguyen,nguyện
nguyen,nguyễn
nguyen,nguyễn
nguyen,nguyễn
trua,trưa
tre,trẻ
tre,trễ
mau,mẫu
mau,mâu
mau,màu
mau,màu
giao,giáo
giao,giao
giao,giao
giao,giao
hoc,học
vung,vùng
tieu,thiểu
tieu,tiêu
tieu,tiêu
nui,núi
hai,hải
hai,hai
hai,hai
hai,hai
dien,diện
dien,điện
dien,điện
dien,điện
ci,chi
ci,chí
ci,chỉ
ci,chỉ
fi,phí
fi,phi
ngan,ngân
ngan,ngàn
ngan,ngành
ngan,ngành
ollolai,ollolai
usd,usd
hoang,hoang
hoang,hoàng
ngoi,ngôi
moi,mỗi
moi,mời
moi,mới
moi,mới
duy,duy
xuong,xuống
cai,cải
cai,cái
cai,cái
moi,mọi
moi,mời
moi,mới
moi,mới
cia,chia
cia,chìa
tu,thứ
tu,tử
tu,từ
tu,từ
rieng,riêng
man,mảnh
man,mạnh
man,mạnh
man,mắn
cuoc,cuộc
cuoc,chuộc
cang,càng
cang,chẳng
ngi,nghĩ
ngi,nghi
ngi,nghị
ngi,nghị
dan,đàn
dan,danh
dan,danh
dan,dân
to,tờ
to,tố
to,tổ
to,tổ
tien,tiên
tien,tiện
tien,tiện
tien,tiện
mi,mì
my,mỹ
my,mỳ
duoi,dưới
duoi,đuổi
dien,diễn
dien,điện
dien,điện
dien,điện
lin,linh
lin,lĩnh
lin,lĩnh
lin,lĩnh
cay,chạy
cay,chây
cay,chây
cay,chây
toc,tốc
toc,tộc
toc,tộc
cang,cảng
cang,chẳng
cang,càng
cang,càng
gom,gồm
ke,kế
ke,kể
ke,kê
ke,kể
dai,đai
dai,đại
dai,đại
dai,đại
lam,lâm
lam,làm
lam,làm
lam,làm
xuan,xuân
hoi,hỏi
hoi,hội
hoi,hồi
hoi,hơi
co,cổ
co,có
co,cố
co,có
nue,nhuệ
hoac,hoạch
hoac,hoặc
hoac,hoặc
hoac,hoặc
cau,câu
cau,cầu
cau,cầu
cau,cầu
dau,đấu
dau,đầu
dau,đậu
dau,đâu
doan,đoạn
doan,doanh
doan,doanh
doan,doanh
huong,hưởng
huong,hướng
huong,huống
huong,hướng
so,sổ
so,số
so,số
so,sở
do,đỏ
do,đỗ
do,đỗ
do,đỗ
gan,gắn
gan,gần
gan,gần
gan,gần
lien,liền
lien,liên
lien,liên
lien,liên
cuc,chúc
cuc,chục
cuc,cục
cuc,chục
kieu,khiếu
kieu,kiểu
keo,kéo
keo,khéo
dai,dài
dai,đại
dai,đại
dai,đại
tua,thửa
tua,thừa
tua,thừa
tua,thừa
quan,quân
quan,quan
quan,quan
quan,quận
hue,huệ
ngoc,ngọc
xong,xong
buc,bức
xuc,xúc
tu,thử
tu,tử
tu,từ
tu,từ
ngiem,nghiệm
ngiem,nghiêm
ngiem,nghiêm
ngiem,nghiêm
bot,bot
ha,hạ
ha,hà
ha,hà
ha,hà
duong,dương
duong,đường
duong,đường
duong,đường
cuong,cương
cuong,cưỡng
cuong,cưỡng
cuong,cưỡng
ve,vé
ve,về
ve,về
ve,về
te,thẻ
te,thể
te,thể
te,thể
uu,ưu
mien,miễn
mien,miền
mien,miền
mien,miền
cam,cẩm
cam,chậm
cam,chăm
cam,cảm
fa,phả
fa,phá
fa,phá
fa,phá
tet,tết
dan,đán
dan,danh
dan,danh
dan,dân
huy,hủy
huy,huy
huy,huy
le,lê
le,lệ
le,lệ
le,lệ
lo,lộ
lo,lỗ
kin,kính
kin,kinh
kin,kinh
kin,kinh
tads,thads
ta,tha
ta,tá
ta,tá
ta,tá
cong,cống
cong,cổng
cong,cổng
cong,cổng
toat,thoát
kue,khuê
bo,bồ
bo,bộ
bo,bộ
bo,bộ
toi,thôi
toi,thời
toi,thời
toi,tới
tap,tháp
tap,thấp
tap,thấp
tap,tập
kiet,kiệt
vpdkd,vpđkđđ
lua,lụa
lua,lừa
lua,lứa
lua,lừa
tung,tùng
tung,tụng
tung,từng
tung,từng
nguoi,nguội
nguoi,người
loi,lỗi
kien,khiển
fo,phổ
fo,phố
fo,phó
do,đỗ
ngi,nghi
ngi,nghị
ngi,nghị
tran,trần
tran,trấn
tran,tránh
bien,biện
bien,biển
bien,biến
man,mạnh
man,mắn
doi,đội
day,đầy
day,đây
day,đây
moi,mời
moi,mới
moi,mới
cuong,cưỡng
suc,sức
dat,đạt
cam,chậm
cam,chăm
cam,cảm
tran,tránh
tran,trần
tran,trấn
cat,cắt
cat,chất
vong,vòng
trat,trật
tai,tải
tai,tái
tai,tài
mo,mở
mai,mai
nang,nặng
nang,nâng
can,chặn
can,cần
can,cảnh
can,cảnh
da,đa
da,đã
da,đã
it,ít
nge,nghệ
nge,nghe
nge,nghề
lau,lâu
tap,thấp
tap,tập
dam,đảm
dam,đám
dam,đàm
nieu,nhiêu
nieu,nhiều
nieu,nhiều
nieu,nhiều
muon,mượn
ngan,ngăn
ngan,ngàn
ngan,ngành
ngan,ngành
tap,tập
tap,thấp
tap,thấp
dac,đặc
ti,tỉ
ti,thị
ti,thì
ti,thì
fuc,phúc
fuc,phục
go,gò
vap,vấp
trai,trai
duong,dưỡng
duong,đường
duong,đường
duong,đường
tan,thân
tan,thành
tan,thành
tan,tận
nge,nghe
nge,nghệ
nge,nghề
fung,phụng
hua,hứa
cu,chu
cu,chủ
cu,chủ
cu,cư
duong,đương
duong,đường
duong,đường
duong,đường
hen,hẹn
ngeo,nghèo
keu,kêu
vang,vàng
vang,vắng
vang,vắng
luon,luôn
tung,từng
tung,tụng
suot,suốt
luc,lúc
luc,lực
luc,lực
troi,trời
ay,ấy
hdxx,hđxx
hay,hãy
hay,hay
hay,hay
may,mấy
may,máy
may,máy
cam,cảm
cam,chậm
cam,chăm
can,cân
can,cần
can,cảnh
can,cảnh
dung,đừng
dung,đúng
dung,đúng
dung,dung
nau,nhau
cuoi,cuối
cuoi,cưới
cuoi,cười
da,đà
da,đã
da,đã
da,đa
nang,nẵng
nang,nâng
nang,nặng
nang,nặng
ic,ích
ken,kênh
ken,khen
ken,khen
cap,cập
cap,chấp
cap,chấp
cap,cấp
fan,phan
fan,phần
fan,phản
fan,phán
yeu,yếu
yeu,yêu
yeu,yêu
yeu,yêu
ung,ứng
hoi,hơi
hoi,hội
hoi,hồi
cap,cắp
cap,chấp
cap,chấp
cap,cấp
ngoai,ngoại
ngoai,ngoài
ngoai,ngoài
ka,khá
ka,khả
ka,khả
mac,mắc
sang,sáng
sang,sang
sang,sang
sang,sang
dem,đem
dem,đếm
dem,đêm
koa,khóa
cua,cửa
cua,của
cua,của
cua,chưa
csdt,csđt
bai,bãi
hoang,hoàng
hoang,hoang
hoang,hoang
luan,luận
tuy,thủy
tuy,tuy
tuy,tuy
tuy,tuy
tro,trò
tro,trợ
tro,trở
quen,quen
quen,quên
giua,giữa
lic,lịch
xay,xảy
xay,xây
xay,xây
tuong,tượng
tuong,thượng
tuong,thường
tuong,thường
cien,chiến
cam,cấm
cam,chậm
cam,chăm
cam,cảm
cu,cũ
cu,chủ
cu,chủ
cu,cư
bieu,biểu
ngang,ngang
nien,niên
nien,nhiên
nien,nhiên
nien,nhiên
hiep,hiệp
cuu,cựu
cuu,cứu
cuu,cứu
cuu,cứu
dao,đào
dao,đạo
dao,đạo
dao,đảo
bat,bật
bat,bắt
bat,bắt
bat,bất
goc,gốc
du,dữ
du,dù
du,đủ
du,đủ
do,đo
do,đỗ
do,đỗ
do,đỗ
dem,đếm
dem,đem
dem,đêm
dat,đặt
dat,đạt
dat,đạt
dat,đạt
cuong,cường
cuong,cưỡng
cuong,cưỡng
cuong,cưỡng
ken,khen
ken,kênh
mam,mầm
non,non
lop,lớp
duc,dục
duc,đục
biet,biệt
biet,biết
biet,biết
biet,biết
italia,italia
hut,hút
nam,nằm
nam,năm
nam,năm
nam,năm
barbagia,barbagia
sardinia,sardinia
tram,trăm
tram,trạm
tram,trầm
truyen,truyền
arbau,arbau
im,im
roi,rời
roi,rồi
roi,rồi
roi,rồi
nga,nga
nga,ngã
quang,quảng
tu,thư
tu,tử
tu,từ
tu,từ
no,nhỏ
no,nhờ
no,nhờ
no,nó
kien,khiến
kien,khiển
kien,khiển
kien,khiển
hoa,họa
hoa,hòa
hoa,hòa
hoa,hoa
ly,ly
ly,lý
ly,lý
ly,lý
on,ổn
tang,tầng
tang,tháng
tang,tháng
tang,tháng
dot,đợt
bai,bài
bai,bãi
bai,bãi
bai,bãi
re,rẻ
doc,đọc
doc,đốc
doc,độc
doc,độc
tuyen,tuyến
tuyen,tuyên
tuyen,tuyên
tuyen,tuyên
trao,trao
huu,hưu
huu,hữu
huu,hữu
huu,hữu
lao,lao
bhyt,bhyt
cam,cam
cam,chậm
cam,chăm
cam,cảm
nam,nhằm
nam,năm
nam,năm
nam,năm
dong,đông
dong,động
dong,đóng
dong,đóng
do,đô
do,đỗ
do,đỗ
do,đỗ
bi,bí
bi,bị
bi,bị
bi,bị
tat,thất
tat,tất
tat,tất
tat,tất
mau,máu
mau,mâu
mau,màu
mau,màu
to,thở
to,tố
to,tổ
to,tổ
ki,khí
ki,khi
ki,khi
ki,khi
an,ánh
an,an
an,ảnh
an,an
cung,cung
cung,cùng
cung,cùng
cung,cũng
liem,liêm
truong,trương
truong,trưởng
truong,trường
truong,trường
doi,dời
doi,đội
doi,đội
doi,đội
dic,đích
dic,dịch
dic,dịch
trien,triển
mai,mại
mai,mai
mai,mai
mai,mai
gop,góp
fong,phóng
fong,phòng
fong,phòng
fong,phong
duc,đức
duc,dục
duc,dục
duc,đục
hau,hậu
ky,kỳ
ky,ký
ky,ký
ky,ký
de,đẻ
de,để
de,đe
de,dễ
nin,ninh
nin,nhìn
nin,nhìn
fe,phê
duyet,duyệt
buoi,buổi
kuong,khương
he,hề
he,hệ
he,hệ
he,hệ
hien,hiền
hien,hiện
hien,hiện
hien,hiện
cty,cty
tay,tây
tay,tay
tay,thay
tay,thấy
cieu,chiều
cieu,chiêu
kan,khẩn
kan,khăn
kan,khăn
kan,khăn
am,âm
vuong,vương
vuong,vướng
vuong,vướng
tic,thích
tic,tích
tic,tịch
tic,tịch
trung,trúng
trung,trung
trung,trung
trung,trung
dut,dứt
tan,thạnh
tan,thành
tan,thành
tan,tận
mat,mắt
mat,mất
mat,mất
mat,mất
trang,trăng
trang,trang
trang,trạng
trang,trang
ngu,ngụ
ta,tạ
ta,tá
ta,tá
ta,tá
dap,đáp
nuong,nhường
nuong,nhượng
nuong,nhượng
nuong,nhượng
san,sẵn
san,sanh
san,sanh
san,sanh
ne,nhé
ne,né
ne,nể
ne,nhẹ
no,nợ
no,nhờ
no,nhờ
no,nó
ce,che
ce,chế
ce,chế
ce,chế
din,đinh
din,định
din,định
din,định
sac,sắc
sac,sách
sac,sách
sac,sách
tai,thai
tai,tái
tai,tải
tai,tài
kien,kiên
kien,khiển
kien,khiển
kien,khiển
